{
    "prepare_queue": {
        "installed": [],
        "uninstalled": []
    },
    "config_munge": {
        "files": {
            "AndroidManifest.xml": {
                "parents": {
                    "/*": [
                        {
                            "xml": "<uses-permission android:name=\"android.permission.ACCESS_COARSE_LOCATION\" />",
                            "count": 1
                        },
                        {
                            "xml": "<uses-permission android:name=\"android.permission.ACCESS_FINE_LOCATION\" />",
                            "count": 1
                        },
                        {
                            "xml": "<uses-feature android:name=\"android.hardware.location.gps\" />",
                            "count": 1
                        },
                        {
                            "xml": "<uses-permission android:name=\"android.permission.INTERNET\" />",
                            "count": 1
                        },
                        {
                            "xml": "<uses-permission android:name=\"android.permission.ACCESS_NETWORK_STATE\" />",
                            "count": 1
                        }
                    ],
                    "/manifest/application/activity": [
                        {
                            "xml": "<intent-filter><action android:name=\"android.intent.action.VIEW\" /><category android:name=\"android.intent.category.DEFAULT\" /><category android:name=\"android.intent.category.BROWSABLE\" /><data android:scheme=\"facebook\" /></intent-filter>",
                            "count": 1
                        },
                        {
                            "xml": "<intent-filter android:autoVerify=\"true\"><action android:name=\"android.intent.action.VIEW\" /><category android:name=\"android.intent.category.DEFAULT\" /><category android:name=\"android.intent.category.BROWSABLE\" /><data android:host=\"facebook.com\" android:pathPrefix=\"/\" android:scheme=\"https\" /><data android:host=\" \" android:pathPrefix=\"/\" android:scheme=\" \" /><data android:host=\" \" android:pathPrefix=\"/\" android:scheme=\" \" /><data android:host=\" \" android:pathPrefix=\"/\" android:scheme=\" \" /><data android:host=\" \" android:pathPrefix=\"/\" android:scheme=\" \" /></intent-filter>",
                            "count": 1
                        }
                    ],
                    "/manifest/application": [
                        {
                            "xml": "<activity android:configChanges=\"keyboard|keyboardHidden|orientation|screenLayout|uiMode|screenSize|smallestScreenSize\" android:name=\"com.google.android.gms.ads.AdActivity\" android:theme=\"@android:style/Theme.Translucent\" />",
                            "count": 1
                        }
                    ]
                }
            },
            "res/xml/config.xml": {
                "parents": {
                    "/*": [
                        {
                            "xml": "<feature name=\"Geolocation\"><param name=\"android-package\" value=\"org.apache.cordova.geolocation.Geolocation\" /></feature>",
                            "count": 1
                        },
                        {
                            "xml": "<feature name=\"IonicDeeplinkPlugin\"><param name=\"android-package\" value=\"io.ionic.links.IonicDeeplink\" /><param name=\"onload\" value=\"true\" /></feature>",
                            "count": 1
                        },
                        {
                            "xml": "<feature name=\"Device\"><param name=\"android-package\" value=\"org.apache.cordova.device.Device\" /></feature>",
                            "count": 1
                        },
                        {
                            "xml": "<feature name=\"SplashScreen\"><param name=\"android-package\" value=\"org.apache.cordova.splashscreen.SplashScreen\" /><param name=\"onload\" value=\"true\" /></feature>",
                            "count": 1
                        },
                        {
                            "xml": "<feature name=\"StatusBar\"><param name=\"android-package\" value=\"org.apache.cordova.statusbar.StatusBar\" /><param name=\"onload\" value=\"true\" /></feature>",
                            "count": 1
                        },
                        {
                            "xml": "<feature name=\"Whitelist\"><param name=\"android-package\" value=\"org.apache.cordova.whitelist.WhitelistPlugin\" /><param name=\"onload\" value=\"true\" /></feature>",
                            "count": 1
                        },
                        {
                            "xml": "<feature name=\"Keyboard\"><param name=\"android-package\" value=\"io.ionic.keyboard.IonicKeyboard\" /><param name=\"onload\" value=\"true\" /></feature>",
                            "count": 1
                        },
                        {
                            "xml": "<feature name=\"AdMob\"><param name=\"android-package\" value=\"name.ratson.cordova.admob.AdMob\" /><param name=\"onload\" value=\"true\" /></feature>",
                            "count": 1
                        }
                    ]
                }
            }
        }
    },
    "installed_plugins": {
        "cordova-plugin-compat": {
            "PACKAGE_NAME": "io.ionic.starter"
        },
        "cordova-plugin-geolocation": {
            "PACKAGE_NAME": "io.ionic.starter"
        },
        "ionic-plugin-deeplinks": {
            "URL_SCHEME": "facebook",
            "DEEPLINK_SCHEME": "https",
            "DEEPLINK_HOST": "facebook.com",
            "ANDROID_PATH_PREFIX": "/",
            "ANDROID_2_PATH_PREFIX": "/",
            "ANDROID_3_PATH_PREFIX": "/",
            "ANDROID_4_PATH_PREFIX": "/",
            "ANDROID_5_PATH_PREFIX": "/",
            "DEEPLINK_2_SCHEME": " ",
            "DEEPLINK_2_HOST": " ",
            "DEEPLINK_3_SCHEME": " ",
            "DEEPLINK_3_HOST": " ",
            "DEEPLINK_4_SCHEME": " ",
            "DEEPLINK_4_HOST": " ",
            "DEEPLINK_5_SCHEME": " ",
            "DEEPLINK_5_HOST": " ",
            "PACKAGE_NAME": "io.ionic.starter"
        },
        "cordova-plugin-device": {
            "PACKAGE_NAME": "io.ionic.starter"
        },
        "cordova-plugin-splashscreen": {
            "PACKAGE_NAME": "io.ionic.starter"
        },
        "cordova-plugin-statusbar": {
            "PACKAGE_NAME": "io.ionic.starter"
        },
        "cordova-plugin-whitelist": {
            "PACKAGE_NAME": "io.ionic.starter"
        },
        "ionic-plugin-keyboard": {
            "PACKAGE_NAME": "io.ionic.starter"
        },
        "cordova-promise-polyfill": {
            "PACKAGE_NAME": "io.ionic.starter"
        },
        "cordova-admob-sdk": {
            "PACKAGE_NAME": "io.ionic.starter"
        },
        "cordova-plugin-admob-free": {
            "PACKAGE_NAME": "io.ionic.starter"
        }
    },
    "dependent_plugins": {},
    "modules": [
        {
            "id": "cordova-plugin-geolocation.geolocation",
            "file": "plugins/cordova-plugin-geolocation/www/android/geolocation.js",
            "pluginId": "cordova-plugin-geolocation",
            "clobbers": [
                "navigator.geolocation"
            ]
        },
        {
            "id": "cordova-plugin-geolocation.PositionError",
            "file": "plugins/cordova-plugin-geolocation/www/PositionError.js",
            "pluginId": "cordova-plugin-geolocation",
            "runs": true
        },
        {
            "id": "ionic-plugin-deeplinks.deeplink",
            "file": "plugins/ionic-plugin-deeplinks/www/deeplink.js",
            "pluginId": "ionic-plugin-deeplinks",
            "clobbers": [
                "IonicDeeplink"
            ],
            "runs": true
        },
        {
            "id": "cordova-plugin-device.device",
            "file": "plugins/cordova-plugin-device/www/device.js",
            "pluginId": "cordova-plugin-device",
            "clobbers": [
                "device"
            ]
        },
        {
            "id": "cordova-plugin-splashscreen.SplashScreen",
            "file": "plugins/cordova-plugin-splashscreen/www/splashscreen.js",
            "pluginId": "cordova-plugin-splashscreen",
            "clobbers": [
                "navigator.splashscreen"
            ]
        },
        {
            "id": "cordova-plugin-statusbar.statusbar",
            "file": "plugins/cordova-plugin-statusbar/www/statusbar.js",
            "pluginId": "cordova-plugin-statusbar",
            "clobbers": [
                "window.StatusBar"
            ]
        },
        {
            "id": "ionic-plugin-keyboard.keyboard",
            "file": "plugins/ionic-plugin-keyboard/www/android/keyboard.js",
            "pluginId": "ionic-plugin-keyboard",
            "clobbers": [
                "cordova.plugins.Keyboard"
            ],
            "runs": true
        },
        {
            "id": "cordova-promise-polyfill.Promise",
            "file": "plugins/cordova-promise-polyfill/www/Promise.js",
            "pluginId": "cordova-promise-polyfill",
            "runs": true
        },
        {
            "id": "cordova-promise-polyfill.promise.min",
            "file": "plugins/cordova-promise-polyfill/www/promise.min.js",
            "pluginId": "cordova-promise-polyfill"
        },
        {
            "id": "cordova-plugin-admob-free.AdMob",
            "file": "plugins/cordova-plugin-admob-free/www/admob.js",
            "pluginId": "cordova-plugin-admob-free",
            "clobbers": [
                "admob",
                "AdMob",
                "plugins.AdMob"
            ]
        }
    ],
    "plugin_metadata": {
        "cordova-plugin-compat": "1.2.0",
        "cordova-plugin-geolocation": "2.4.3",
        "ionic-plugin-deeplinks": "1.0.15",
        "cordova-plugin-device": "1.1.4",
        "cordova-plugin-splashscreen": "4.0.3",
        "cordova-plugin-statusbar": "2.2.2",
        "cordova-plugin-whitelist": "1.3.1",
        "ionic-plugin-keyboard": "2.2.1",
        "cordova-promise-polyfill": "0.0.2",
        "cordova-admob-sdk": "0.11.1",
        "cordova-plugin-admob-free": "0.11.0"
    }
}